{"0": {"Gravitation": 230.76923076923075, "Electrostats": 176.47058823529412}}